[
	{"car-in":"冲击套件"},
	{"car-in":"Sun Shade"},
	{"car-in":"地板垫"},
	{"car-in":"座椅"},
	{"car-in":"方向盘"},
	{"car-in":"定制仪表"},
	{"car-in":"货物垫"},
	{"car-in":"脚踏"},
	{"car-in":"汽车清洁"},

	{"car-out":"跑步机"},
	{"car-out":"定制格栅"},
	{"car-out":"车壳套装"},
	{"car-out":"越野保险杠"},
	{"car-out":"床配件"},
	{"car-out":"缓冲器"},
	{"car-out":"牵引和拴"},
	{"car-out":"镜子"},
	{"car-out":"雨刮器"},
	{"car-out":"定制喇叭"},
	{"car-out":"垂直门"}
]
