[
    {
        "name": "地板、全天候、定制标志",
        "img": "img/custom-floor-mats_ic_5.jpeg",
        "category":"地板垫",
        "price": "213.456",
        "descrition": "汽车倒车镜小圆镜 后视镜盲点广角镜助镜反光镜清晰（一对装）",
        "color": "黑色"
    },
    {
        "name": "地板、全天候、定制标志",
        "img": "img/custom-floor-mats_ic_5.jpeg",
        "category":"地板垫",
        "price": "213.456",
        "descrition": "汽车倒车镜小圆镜 后视镜盲点广角镜助镜反光镜清晰（一对装）",
        "color": "黑色"
    },
    {
        "name": "地板、全天候、定制标志",
        "img": "img/custom-floor-mats_ic_5.jpeg",
        "category":"地板垫",
        "price": "213.456",
        "descrition": "汽车倒车镜小圆镜 后视镜盲点广角镜助镜反光镜清晰（一对装）",
        "color": "黑色"
    },
    {
        "name": "地板、全天候、定制标志",
        "img": "img/custom-floor-mats_ic_5.jpeg",
        "category":"地板垫",
        "price": "213.456",
        "descrition": "汽车倒车镜小圆镜 后视镜盲点广角镜助镜反光镜清晰（一对装）",
        "color": "黑色" 
    }
]