[
{"year":"2002","brand":"宾利","model":"A4"},
{"year":"2003","brand":"布加迪","model":"A5"},
{"year":"2004","brand":"别克","model":"A6"},
{"year":"2005","brand":"卡迪拉克","model":"A7"},
{"year":"2006","brand":"宝马","model":"A8"},
{"year":"2007","brand":"雪弗莱","model":"A9"},
{"year":"2008","brand":"雪铁龙","model":"Q3"},
{"year":"2009","brand":"大众","model":"Q4"},
{"year":"2010","brand":"本田","model":"Q5"},
{"year":"2011","brand":"劳斯莱斯","model":"Q6"},
{"year":"2012","brand":"北京现代","model":"Q7"},
{"year":"2013","brand":"林肯","model":"Q8"},
{"year":"2014","brand":"SUV","model":"Q9"},
{"year":"2015","brand":"奔驰","model":"A3"},
{"year":"2016","brand":"雅阁","model":"A3"},
{"year":"2017","brand":"帕萨特","model":"A3"},
{"year":"1990","brand":"1 ","model":"A3"},
{"year":"1991","brand":" 2","model":"A3"},
{"year":"1992","brand":" 3","model":"A3"},
{"year":"1993","brand":" 4","model":"A3"},
{"year":"1994","brand":" 5","model":"A3"},
{"year":"1995","brand":" 6","model":"A3"},
{"year":"1996","brand":" 7","model":"A3"},
{"year":"1997","brand":" 8","model":"A3"},
{"year":"1998","brand":" 9","model":"A3"},
{"year":"1999","brand":" 10","model":"A3"},
{"year":"2000","brand":" 11","model":"A3"},
{"year":"2001","brand":"12","model":"A3"}
]
